id,label,node_type,year,topic,venue,url,source_pdf,community,community_label,color
paper:paper_001,Dose- and Ion-Dependent Effects in the Oxidative Stress Response to Space-Like Radiation Exposure in the Skeletal System,paper,2017.0,space-radiation-and-skeletal-health,International Journal of Molecular Sciences,http://dx.doi.org/10.3390/ijms18102117,Dose- and Ion-Dependent Effects in the Oxidative Stress Response to Space-Like Radiation Exposure in the Skeletal System.pdf,16,space-radiation-and-skeletal-health,#8ca252
author:md5:24feed5776fdb4ae0e5e26e4f66ca919,Joshua S. Alwood,author,,,,,,16,space-radiation-and-skeletal-health,#8ca252
author:md5:6dc969fc27b27bbbcb5a4a319eb9dc0d,Luan H. Tran,author,,,,,,16,space-radiation-and-skeletal-health,#8ca252
author:md5:dc75447eb49e5493be42511ec4a26c5e,Ann-Sofie Schreurs,author,,,,,,16,space-radiation-and-skeletal-health,#8ca252
author:md5:eca8306d34315f6625f90c9bf65cbf4e,Yasaman Shirazi-Fard,author,,,,,,16,space-radiation-and-skeletal-health,#8ca252
author:md5:384ad7b4242c8780d1a8519e13d85a9a,Akhilesh Kumar,author,,,,,,16,space-radiation-and-skeletal-health,#8ca252
author:md5:abff753e5efbe07ae8e6411442d7cfff,Diane Hilton,author,,,,,,16,space-radiation-and-skeletal-health,#8ca252
author:md5:47a382efe7d7c6f351b597c18f0b992c,Candice G. T. Tahimic,author,,,,,,16,space-radiation-and-skeletal-health,#8ca252
author:md5:8eac5c3cc69b6b469067f60256848b56,Ruth K. Globus,author,,,,,,16,space-radiation-and-skeletal-health,#8ca252
paper:paper_002,Cell Type-Specific Imaging of Calcium Signaling in Arabidopsis thaliana Seedling Roots Using GCaMP3,paper,2020.0,plant-calcium-signaling,International Journal of Molecular Sciences,http://dx.doi.org/10.3390/ijms21176385,Cell type-specific imaging of calcium signaling in Arabidopsis thaliana seedling roots using GCaMP3..pdf,13,plant-calcium-signaling,#843c39
author:md5:08770152f7c3a1a194221d79491dbcb6,William Krogman,author,,,,,,13,plant-calcium-signaling,#843c39
author:md5:a20d4a5ffc7fe2d75dccd6b926247d23,J. Alan Sparks,author,,,,,,13,plant-calcium-signaling,#843c39
author:md5:025670e3031ce60e4d6ef46777016163,Elison B. Blancaflor,author,,,,,,13,plant-calcium-signaling,#843c39
paper:doi:10.1038/s41598-024-79315-0,Impact of microgravity and lunar gravity on murine skeletal and immune systems during space travel,paper,2024.0,microgravity-bone-immune,Scientific Reports,https://doi.org/10.1038/s41598-024-79315-0,Microgravity Stress Bone and Connective Tissue.pdf,7,microgravity-bone-immune,#7f7f7f
author:md5:bc9522f7e2430120438b731ebb319022,"Okamura, Y.",author,,,,,,7,microgravity-bone-immune,#7f7f7f
author:md5:7a2f175d4d398d383e7e23692d9beb9a,"Gochi, K.",author,,,,,,7,microgravity-bone-immune,#7f7f7f
author:md5:280422b97a870dee818ba4bcbf371ad9,"Ishikawa, T.",author,,,,,,7,microgravity-bone-immune,#7f7f7f
author:md5:494590c8500cfc5e325d99c3c46a29ec,"Hayashi, T.",author,,,,,,7,microgravity-bone-immune,#7f7f7f
author:md5:7821c18e81a9c9916697e6e0e9cd5793,"Fuseya, S.",author,,,,,,7,microgravity-bone-immune,#7f7f7f
author:md5:d41d8cd98f00b204e9800998ecf8427e,...,author,,,,,,7,microgravity-bone-immune,#7f7f7f
paper:doi:10.3390/cells10030560,Selective Proliferation of Highly Functional Adipose-Derived Stem Cells in Microgravity Culture with Stirred Microspheres,paper,2021.0,stem-cells-microgravity-culture,Cells,https://doi.org/10.3390/cells10030560,cells-10-00560.pdf,19,stem-cells-microgravity-culture,#a55194
author:md5:cc61c977a7e4561276094cf28133d910,"Mashiko, T.",author,,,,,,19,stem-cells-microgravity-culture,#a55194
author:md5:273ecfd00a688655f4354c0acafd384e,"Kanayama, K.",author,,,,,,19,stem-cells-microgravity-culture,#a55194
author:md5:f1acbecec2457d3dd963008d823d53cf,"Saito, N.",author,,,,,,19,stem-cells-microgravity-culture,#a55194
author:md5:3b615998d95caeb1cf4dc0656c962561,"Shirado, T.",author,,,,,,19,stem-cells-microgravity-culture,#a55194
author:md5:52905321a0a44ee45230e41ae3e3b5b2,"Asahi, R.",author,,,,,,19,stem-cells-microgravity-culture,#a55194
author:md5:a2c0f8255b90675fdce3a621eeb39669,"Mori, M.",author,,,,,,19,stem-cells-microgravity-culture,#a55194
author:md5:f0153d48ba5ee53c008aaf78e013985b,"Yoshimura, K.",author,,,,,,19,stem-cells-microgravity-culture,#a55194
paper:doi:10.1016/j.isci.2022.105213,Muscle atrophy phenotype gene expression during spaceflight is linked to a metabolic crosstalk in both the liver and the muscle in mice,paper,2022.0,muscle-liver-metabolic-crosstalk,iScience,https://doi.org/10.1016/j.isci.2022.105213,Muscle atrophy phenotype gene expression during spaceflight is linked to a metabolic crosstalk in both the liver and the muscle in mice..pdf,11,muscle-liver-metabolic-crosstalk,#637939
author:md5:f756a36d150ba332fa33af094c684162,"Vitry, G.",author,,,,,,11,muscle-liver-metabolic-crosstalk,#637939
author:md5:fce15481deb68367b42f5a91fa32d17b,"Finch, R.",author,,,,,,11,muscle-liver-metabolic-crosstalk,#637939
author:md5:50b682adbf2f2efabb983a960de49f10,"Mcstay, G.",author,,,,,,11,muscle-liver-metabolic-crosstalk,#637939
author:md5:d1d24ff9f1975db42ae2df4b0b3425b3,"da Silveira, W.A.",author,,,,,,11,muscle-liver-metabolic-crosstalk,#637939
paper:doi:10.1016/j.isci.2023.107047,Toward countering muscle and bone loss with spaceflight: GSK3 as a potential target,paper,2023.0,gsk3-countermeasure,iScience,https://doi.org/10.1016/j.isci.2023.107047,Toward countering muscle and bone loss with spaceflight GSK3 as a potential target.pdf,2,gsk3-countermeasure,#2ca02c
author:md5:8cd1df0a5282cfcd62e72cca5f05dba9,"Baranowski, R.W.",author,,,,,,2,gsk3-countermeasure,#2ca02c
author:md5:5031ed768603d2e064b49fd804916c8d,"Braun, J.L.",author,,,,,,2,gsk3-countermeasure,#2ca02c
author:md5:9963943b01bd5206edace7d7bbdd5115,"Hockey, B.L.",author,,,,,,2,gsk3-countermeasure,#2ca02c
author:md5:9695ed5913a5f41d4ad9dd9593712b8c,"Fajardo, V.A.",author,,,,,,2,gsk3-countermeasure,#2ca02c
paper:local:absence-gamma-sarcoglycan,Absence of γ-sarcoglycan alters the response of p70S6 kinase to mechanical perturbation in murine skeletal muscle,paper,2014.0,mechanotransduction-deficit,Skeletal Muscle,,Absence of gamma-sarcoglycan alters the response of p70S6 kinase to mechanical perturbation in murine skeletal muscle.pdf,6,mechanotransduction-deficit,#e377c2
author:md5:80d408b1170dee6fb8b2410edfb030a8,"Moorwood, C.",author,,,,,,6,mechanotransduction-deficit,#e377c2
author:md5:b59a6149b4b2d454e3e06c431feb8416,"Philippou, A.",author,,,,,,6,mechanotransduction-deficit,#e377c2
author:md5:d6d280db5219276e0beec4c84db83a39,"Spinazzola, J.",author,,,,,,6,mechanotransduction-deficit,#e377c2
author:md5:7dc072d2c31845cf80668f25c3314b5c,"Keyser, B.",author,,,,,,6,mechanotransduction-deficit,#e377c2
author:md5:9d290489a94c37920f4d6a4bcb01ea06,"Macarak, E.J.",author,,,,,,6,mechanotransduction-deficit,#e377c2
author:md5:c7464b5269d4bab74768ac8a9dd3eb6a,"Barton, E.R.",author,,,,,,6,mechanotransduction-deficit,#e377c2
paper:doi:10.1038/srep21343,Dried plum diet protects from bone loss caused by ionizing radiation,paper,2016.0,radiation-bone-countermeasure,Scientific Reports,https://doi.org/10.1038/srep21343,Dried plum diet protects from bone loss caused by ionizing radiation.pdf,14,radiation-bone-countermeasure,#7b4173
author:md5:eadd4a8b53bd4dbb0a7cbadfe3bf88d2,"Schreurs, A.-S.",author,,,,,,14,radiation-bone-countermeasure,#7b4173
author:md5:59257af56880b9012ddb17975e1e4bac,"Shirazi-Fard, Y.",author,,,,,,14,radiation-bone-countermeasure,#7b4173
author:md5:04450173d2f263c35bdb4b89b5aee59b,"Shahnazari, M.",author,,,,,,14,radiation-bone-countermeasure,#7b4173
author:md5:b581b5b38dd69502b1ccc37f95156b43,"Globus, R.K.",author,,,,,,14,radiation-bone-countermeasure,#7b4173
paper:doi:10.1038/s41526-023-00337-5,Explainable machine learning identifies multi-omics signatures of muscle response to spaceflight in mice,paper,2023.0,ml-biomarkers-for-muscle,npj Microgravity,https://doi.org/10.1038/s41526-023-00337-5,Explainable machine learning identifies multi-omics signatures of muscle response to spaceflight in mice.pdf,9,ml-biomarkers-for-muscle,#17becf
author:md5:22a82d424b644e8276b35e33f90d2055,"Li, K.",author,,,,,,9,ml-biomarkers-for-muscle,#17becf
author:md5:e553ab86cbf8c9c223e1240137d5864c,"Desai, R.",author,,,,,,9,ml-biomarkers-for-muscle,#17becf
author:md5:03ae988bc85ff1385e1b57d4835ffb11,"Scott, R.T.",author,,,,,,9,ml-biomarkers-for-muscle,#17becf
author:md5:5b6e1df17619a69750d900016ae16c87,"Costes, S.V.",author,,,,,,9,ml-biomarkers-for-muscle,#17becf
paper:doi:10.1007/s00018-024-05572-x,Single-cell RNA sequencing of the carotid and femoral artery of rats exposed to hindlimb unloading,paper,2025.0,vascular-remodeling-hlu,Cellular and Molecular Life Sciences,https://doi.org/10.1007/s00018-024-05572-x,ijms-26-03058.pdf,20,vascular-remodeling-hlu,#1f77b4
author:md5:0d10b10935aeec95c62e22c598b0b424,"Li, C.",author,,,,,,20,vascular-remodeling-hlu,#1f77b4
author:md5:06d3855114d6f2cdde53e704711b715c,"Pan, Y.",author,,,,,,20,vascular-remodeling-hlu,#1f77b4
author:md5:773ed4ce623ce13489c5b925d378a7ad,"Wang, Y.",author,,,,,,20,vascular-remodeling-hlu,#1f77b4
author:md5:ddf3e63d4449fcfab47a06b12a2af821,"Sun, X.",author,,,,,,20,vascular-remodeling-hlu,#1f77b4
paper:doi:10.3390/ijms26073058,Microgravity and Cellular Biology: Insights into Cellular Responses and Implications for Human Health,paper,2025.0,review-microgravity-health,International Journal of Molecular Sciences,https://doi.org/10.3390/ijms26073058,ijms-26-03058.pdf,15,review-microgravity-health,#5254a3
author:md5:73a41cfcef0d88ae3544b86bdd0e2aac,"López Garzón, N.A.",author,,,,,,15,review-microgravity-health,#5254a3
author:md5:2566a81a39b2e723079c5296034f1b16,"Pinzón-Fernández, M.V.",author,,,,,,15,review-microgravity-health,#5254a3
author:md5:cccd81c29d5b9591ffe4f19dbb30eda0,"Saavedra, J.S.",author,,,,,,15,review-microgravity-health,#5254a3
author:md5:15e499a668613763f89fafa73bd42e68,"Izquierdo-Condoy, J.S.",author,,,,,,15,review-microgravity-health,#5254a3
paper:doi:10.1371/journal.pone.0061372,"Microgravity induces pelvic bone loss through osteoclastic activity, osteocytic osteolysis, and osteoblastic cell-cycle inhibition by CDKN1A/p21",paper,2013.0,microgravity-bone-loss-mechanisms,PLoS ONE,https://doi.org/10.1371/journal.pone.0061372,"Microgravity induces pelvic bone loss through osteoclastic activity, osteocytic osteolysis, and osteoblastic cell cycle inhibition by CDKN1ap21.pdf",8,microgravity-bone-loss-mechanisms,#bcbd22
author:md5:1b2a9760508240680aa51e4626e9d85b,"Blaber, E.A.",author,,,,,,8,microgravity-bone-loss-mechanisms,#bcbd22
author:md5:00499923c1a2c67eab82713c1f484e29,"Dvorochkin, N.",author,,,,,,8,microgravity-bone-loss-mechanisms,#bcbd22
author:md5:24a7e3ea0fb906501a70dbb4eed2d11a,"Lee, C.",author,,,,,,8,microgravity-bone-loss-mechanisms,#bcbd22
author:md5:9e5b6e87c78033054e8800339da54316,"Alwood, J.S.",author,,,,,,8,microgravity-bone-loss-mechanisms,#bcbd22
author:md5:ead9032355ae7f68060f4e0577646592,"Yousuf, R.",author,,,,,,8,microgravity-bone-loss-mechanisms,#bcbd22
author:md5:2a073ce9e48d07607c9228e007ad1a43,"Pianetta, P.",author,,,,,,8,microgravity-bone-loss-mechanisms,#bcbd22
author:md5:62cef34180d7c698d2f1082df3ee91d8,"Burns, B.P.",author,,,,,,8,microgravity-bone-loss-mechanisms,#bcbd22
author:md5:6f3121bafff0d80c9ee84e03ecc451f5,"Almeida, E.A.C.",author,,,,,,8,microgravity-bone-loss-mechanisms,#bcbd22
paper:doi:10.1002/jbmr.2807,Osteocyte apoptosis caused by hindlimb unloading is required to trigger osteocyte RANKL production and subsequent resorption of cortical and trabecular bone in mice femurs,paper,2016.0,hlu-bone-loss-via-osteocyte-apoptosis,Journal of Bone and Mineral Research,https://doi.org/10.1002/jbmr.2807,Osteocyte apoptosis caused by hindlimb unloading is required to trigger osteocyte RANKL production and subsequent resorption of cortical and trabecular bone in mice femurs..pdf,3,hlu-bone-loss-via-osteocyte-apoptosis,#d62728
author:md5:7bd9cc260f8d5f4b1aee040f931f2ea9,"Cabahug-Zuckerman, P.",author,,,,,,3,hlu-bone-loss-via-osteocyte-apoptosis,#d62728
author:md5:d33ac275a12588557ddbc6eb89d8675f,"Frikha-Benayed, D.",author,,,,,,3,hlu-bone-loss-via-osteocyte-apoptosis,#d62728
author:md5:a8ac0393eb1ad65d35204079ed0ad528,"Majeska, R.J.",author,,,,,,3,hlu-bone-loss-via-osteocyte-apoptosis,#d62728
author:md5:8a5dc60bba9910393b06889af3e69f66,"Tuthill, A.",author,,,,,,3,hlu-bone-loss-via-osteocyte-apoptosis,#d62728
author:md5:4f5a743066e2ae33ed5950d5514d0afb,"Yakar, S.",author,,,,,,3,hlu-bone-loss-via-osteocyte-apoptosis,#d62728
author:md5:8096116296547d500cbc62d72492f722,"Judex, S.",author,,,,,,3,hlu-bone-loss-via-osteocyte-apoptosis,#d62728
author:md5:8625be0e4857ad5000b7660107fbda41,"Schaffler, M.B.",author,,,,,,3,hlu-bone-loss-via-osteocyte-apoptosis,#d62728
paper:doi:10.1002/jbmr.1814,"Partial reductions in mechanical loading yield proportional changes in bone density, bone architecture, and muscle mass",paper,2013.0,dose-response-to-unloading,Journal of Bone and Mineral Research,https://doi.org/10.1002/jbmr.1814,"Partial reductions in mechanical loading yield proportional changes in bone density, bone architecture, and muscle mass.pdf",1,dose-response-to-unloading,#ff7f0e
author:md5:303b488f63dc917b418b296f37bb4d9d,"Ellman, R.",author,,,,,,1,dose-response-to-unloading,#ff7f0e
author:md5:b41552ec9df0a7c640b91a4fcef96a2d,"Spatz, J.",author,,,,,,1,dose-response-to-unloading,#ff7f0e
author:md5:ceed27aad5c070c903aa8af7d1b28835,"Cloutier, A.",author,,,,,,1,dose-response-to-unloading,#ff7f0e
author:md5:5998ef633e9549e243a539e3cd2283f9,"Palme, R.",author,,,,,,1,dose-response-to-unloading,#ff7f0e
author:md5:7af8de2cce9407c87900ae028e70f20e,"Christiansen, B.A.",author,,,,,,1,dose-response-to-unloading,#ff7f0e
author:md5:d4a684e6d9e94e981fe7fbd5cfffb90d,"Bouxsein, M.L.",author,,,,,,1,dose-response-to-unloading,#ff7f0e
paper:doi:10.1126/sciadv.abn0485,Piezo1 regulates the regenerative capacity of skeletal muscles via orchestration of stem cell morphological states,paper,2022.0,mechanosensing-musc-states,Science Advances,https://doi.org/10.1126/sciadv.abn0485,Piezo1 regulates the regenerative capacity of skeletal muscles via orchestration of stem cell morphological states..pdf,5,mechanosensing-musc-states,#8c564b
author:md5:b0b5745d6c1c11e3a26b80fc2ab71153,"Ma, N.",author,,,,,,5,mechanosensing-musc-states,#8c564b
author:md5:3bdd4bd52df0eb572af00b383865b84a,"Chen, D.",author,,,,,,5,mechanosensing-musc-states,#8c564b
author:md5:3d91e448deb2b079430251c2cc0c64dd,"Lee, J.-H.",author,,,,,,5,mechanosensing-musc-states,#8c564b
author:md5:1213b50ec05d3480da682288db221ef5,"Kuri, P.",author,,,,,,5,mechanosensing-musc-states,#8c564b
author:md5:b90690d1afe422aa5e247ece68d8bb9b,"Hernandez, E.B.",author,,,,,,5,mechanosensing-musc-states,#8c564b
author:md5:ce6c9c397f62d0a7173876bda1fc0de3,"Kocan, J.",author,,,,,,5,mechanosensing-musc-states,#8c564b
author:md5:25b1d0766da15b0fc6433a5aac0ee314,"Mahmood, H.",author,,,,,,5,mechanosensing-musc-states,#8c564b
author:md5:3f539b823fc0ac01194204490ca11f25,"Tichy, E.D.",author,,,,,,5,mechanosensing-musc-states,#8c564b
author:md5:8445755880b1a18ae5c27f1619b61556,"Rompolas, P.",author,,,,,,5,mechanosensing-musc-states,#8c564b
author:md5:7bb84481a815f4c94875a3a579b06cfe,"Mourkioti, F.",author,,,,,,5,mechanosensing-musc-states,#8c564b
paper:doi:10.1371/journal.pone.0104830,Mice in Bion-M 1 Space Mission: Training and Selection,paper,2014.0,spaceflight-rodent-methods,PLoS ONE,https://doi.org/10.1371/journal.pone.0104830,pone.0104830.pdf,17,spaceflight-rodent-methods,#bd9e39
author:md5:89e1641a4b81053781f70091f1848f22,"Andreev-Andrievskiy, A.",author,,,,,,17,spaceflight-rodent-methods,#bd9e39
author:md5:301255072902de817c2d61f706f5e9a4,"Popova, A.",author,,,,,,17,spaceflight-rodent-methods,#bd9e39
author:md5:76e14bd7e754580729c3dd4d355381dd,"Boyle, R.",author,,,,,,17,spaceflight-rodent-methods,#bd9e39
author:md5:84aec21f71a0fdbe8f415643db9c6253,"Alberts, J.",author,,,,,,17,spaceflight-rodent-methods,#bd9e39
author:md5:d44c04145d6acdee65a3928472f2b118,"Shenkman, B.",author,,,,,,17,spaceflight-rodent-methods,#bd9e39
author:md5:061675b449bf9ee27946e350d87308ca,"Vinogradova, O.",author,,,,,,17,spaceflight-rodent-methods,#bd9e39
author:md5:c74006f76464f540d78cf58526653bec,"Dolgov, O.",author,,,,,,17,spaceflight-rodent-methods,#bd9e39
author:md5:75551ff19ddfd6ab2af10b4936e5f156,"Anokhin, K.",author,,,,,,17,spaceflight-rodent-methods,#bd9e39
author:md5:790c6a05ad9e010b943847ab0b475369,"Tsvirkun, D.",author,,,,,,17,spaceflight-rodent-methods,#bd9e39
author:md5:21d90b2d42f8401a6625fd147b6a729a,"Soldatov, P.",author,,,,,,17,spaceflight-rodent-methods,#bd9e39
author:md5:d7472068c596a8031d7a7160af1d794d,"Nemirovskaya, T.",author,,,,,,17,spaceflight-rodent-methods,#bd9e39
author:md5:7b8bbc544683f0d94c75f607db52b64a,"Ilyin, E.",author,,,,,,17,spaceflight-rodent-methods,#bd9e39
author:md5:81485099821664aecfaad6ff28ee577f,"Sychev, V.",author,,,,,,17,spaceflight-rodent-methods,#bd9e39
paper:doi:10.1371/journal.pone.0250715,RNAseq and RNA molecular barcoding reveal differential gene expression in cortical bone following hindlimb unloading in female mice,paper,2021.0,hlu-cortical-bone-transcriptomics,PLoS ONE,https://doi.org/10.1371/journal.pone.0250715,RNAseq and RNA molecular barcoding reveal differential gene expression in cortical bone following hindlimb unloading in female mice.pdf,4,hlu-cortical-bone-transcriptomics,#9467bd
author:md5:ddf0f1b755d12c5588a0d75fecea1cc4,"Spatz, J.M.",author,,,,,,4,hlu-cortical-bone-transcriptomics,#9467bd
author:md5:16bb642329d7817212ec031041a41512,"Ko, F.C.",author,,,,,,4,hlu-cortical-bone-transcriptomics,#9467bd
author:md5:dec04134de64b6033a8fc1f12b05508b,"Ayturk, U.M.",author,,,,,,4,hlu-cortical-bone-transcriptomics,#9467bd
author:md5:d8447d7c5c7b44fb0352a570a3d55f41,"Warman, M.L.",author,,,,,,4,hlu-cortical-bone-transcriptomics,#9467bd
paper:local:eim-spaceflight-hlu,Spaceflight and hind limb unloading induce similar changes in electrical impedance characteristics of mouse gastrocnemius muscle,paper,2013.0,muscle-atrophy-biomarkers-eim,Journal of Musculoskeletal & Neuronal Interactions,,Spaceflight and hind limb unloading induce similar changes in electrical impedance characteristics of mouse gastrocnemius muscle.pdf,10,muscle-atrophy-biomarkers-eim,#393b79
author:md5:3299b6f753ea5106d7185ab0c7c53e22,"Sung, M.",author,,,,,,10,muscle-atrophy-biomarkers-eim,#393b79
author:md5:a59f033e3b99ec217ede1a2710d2df9e,"Li, J.",author,,,,,,10,muscle-atrophy-biomarkers-eim,#393b79
author:md5:a14aaa9c13734170a872f01b4bce27ab,"Spieker, A.J.",author,,,,,,10,muscle-atrophy-biomarkers-eim,#393b79
author:md5:64d742f1c4b6b5753252ad73a0ea19ea,"Ferguson, V.L.",author,,,,,,10,muscle-atrophy-biomarkers-eim,#393b79
author:md5:55812956764082037bb765f56486f70e,"Bateman, T.A.",author,,,,,,10,muscle-atrophy-biomarkers-eim,#393b79
author:md5:0ceb79bfa55976b4d3ecd94f7a02e796,"Rosen, G.D.",author,,,,,,10,muscle-atrophy-biomarkers-eim,#393b79
author:md5:cefbb655b6b892b5d8dd6a2bd22d5970,"Bouxsein, M.",author,,,,,,10,muscle-atrophy-biomarkers-eim,#393b79
author:md5:775221b913cfd712e02f9798fabec4c0,"Rutkove, S.B.",author,,,,,,10,muscle-atrophy-biomarkers-eim,#393b79
paper:local:spinal-bending-bionm1,Spaceflight-Induced Bone Loss Alters Failure Mode and Reduces Bending Strength in Murine Spinal Segments,paper,2016.0,spine-mechanics-after-spaceflight,Journal of Orthopaedic Research,,Spaceflight-induced bone loss alters failure mode and reduces bending strength in murine spinal segments..pdf,18,spine-mechanics-after-spaceflight,#ad494a
author:md5:ec17818e4ee819dc9591a342ba0247a9,"Berg-Johansen, B.",author,,,,,,18,spine-mechanics-after-spaceflight,#ad494a
author:md5:3244b843408915ba231ba83b240cd364,"Liebenberg, E.C.",author,,,,,,18,spine-mechanics-after-spaceflight,#ad494a
author:md5:c71a05b3861da2432cf9707300baff4c,"Li, A.",author,,,,,,18,spine-mechanics-after-spaceflight,#ad494a
author:md5:cf49d3c6057987e6903a4e7af278fe39,"Macias, B.R.",author,,,,,,18,spine-mechanics-after-spaceflight,#ad494a
author:md5:6ada640813e4d93fa85e19522be49045,"Hargens, A.R.",author,,,,,,18,spine-mechanics-after-spaceflight,#ad494a
author:md5:01c4a1a3c01c90094d2b80dc8fdc7270,"Lotz, J.C.",author,,,,,,18,spine-mechanics-after-spaceflight,#ad494a
paper:local:bmpr1a-countermeasure,Treatment with a soluble bone morphogenetic protein type 1A receptor (BMPR1A) fusion protein increases bone mass and bone formation in mice subjected to hindlimb unloading,paper,2017.0,pharmacologic-countermeasure-bmp,JBMR Plus,,Treatment with a soluble bone morphogenetic protein type 1A receptor (BMPR1A) fusion protein increases bone mass and bone formation in mice subjected to hindlimb unloading..pdf,12,pharmacologic-countermeasure-bmp,#8c6d31
author:md5:9e6bd29daf40e16bd114e5f25f7b223d,"Van Vliet, M.",author,,,,,,12,pharmacologic-countermeasure-bmp,#8c6d31
author:md5:1d71807d254ce367aef5183f6ae74b4e,"Grasso, D.",author,,,,,,12,pharmacologic-countermeasure-bmp,#8c6d31
author:md5:5cb106825ecea61e71f62ab222a171c0,"Brooks, D.J.",author,,,,,,12,pharmacologic-countermeasure-bmp,#8c6d31
author:md5:eea4ab9441c0d824a3ea99a76bc6699e,"Conlon, C.",author,,,,,,12,pharmacologic-countermeasure-bmp,#8c6d31
author:md5:9221fa33fde06ea56bdc4e3989b3a8f6,"Aguirre, J.I.",author,,,,,,12,pharmacologic-countermeasure-bmp,#8c6d31
author:md5:d13b96f65298f92bb4cc6dec51ccb581,"Wronski, T.J.",author,,,,,,12,pharmacologic-countermeasure-bmp,#8c6d31
paper:doi:10.1016/j.heliyon.2022.e09379,Asparagine Biosynthesis As A Mechanism Of Increased Host Lethality Induced By Serratia Marcescens In Simulated Microgravity Environments,paper,20.0,,,https://doi.org/10.1016/j.heliyon.2022.e09379,Asparagine biosynthesis as a mechanism of increased host lethality induced by Serratia marcescens in simulated microgravity environments.pdf,0,unknown,#1f77b4
paper:doi:10.1371/journal.pone.0062437,Spaceflight Promotes Biofilm Formation By Pseudomonas Aeruginosa.,paper,20.0,,,https://doi.org/10.1371/journal.pone.0062437,Spaceflight promotes biofilm formation by Pseudomonas aeruginosa..pdf,0,unknown,#1f77b4
paper:doi:10.3389/fphys.2020.00675,Simulated Microgravity Induces Regionally Distinct Neurovascular And Structural Remodeling Of Skeletal Muscle And Cutaneous Arteries In The Rat,paper,20.0,,,https://doi.org/10.3389/fphys.2020.00675,Simulated microgravity induces regionally distinct neurovascular and structural remodeling of skeletal muscle and cutaneous arteries in the rat.pdf,0,unknown,#1f77b4
paper:doi:10.1038/s41467-025-59047-z,"Calcium, Mechanical Signaling, And Tip Growth",paper,20.0,,,https://doi.org/10.1038/s41467-025-59047-z,"Calcium, mechanical signaling, and tip growth.pdf",0,unknown,#1f77b4
paper:doi:10.1038/s41526-019-0063-6,Articular Cartilage And Sternal Fibrocartilage Respond Differently To Extended Microgravity.,paper,20.0,,,https://doi.org/10.1038/s41526-019-0063-6,Articular cartilage and sternal fibrocartilage respond differently to extended microgravity..pdf,0,unknown,#1f77b4
paper:doi:10.1016/j.pbi.2015.05.016,"Unfolded Protein Response In Plants One Master, Many Questions.",paper,20.0,,,https://doi.org/10.1016/j.pbi.2015.05.016,"Unfolded protein response in plants one master, many questions..pdf",0,unknown,#1f77b4
paper:doi:10.3390/ijms232214320,Space Microgravity Alters Neural Stem Cell Division Implications For Brain Cancer Research On Earth And In Space,paper,20.0,,,https://doi.org/10.3390/ijms232214320,Space Microgravity Alters Neural Stem Cell Division Implications for Brain Cancer Research on Earth and in Space.pdf,0,unknown,#1f77b4
paper:doi:10.1093/pcmedi/pbab012,Spaceflight Decelerates The Epigenetic Clock Orchestrated With A Global Alteration In Dna Methylome And Transcriptome In The Mouse Retina,paper,20.0,,,https://doi.org/10.1093/pcmedi/pbab012,Spaceflight decelerates the epigenetic clock orchestrated with a global alteration in DNA methylome and transcriptome in the mouse retina.pdf,0,unknown,#1f77b4
paper:doi:10.1186/s12870-017-0975-9,Skewing In Arabidopsis Roots Involves Disparate Environmental Signaling Pathways.,paper,20.0,,,https://doi.org/10.1186/s12870-017-0975-9,Skewing in Arabidopsis roots involves disparate environmental signaling pathways..pdf,0,unknown,#1f77b4
paper:doi:10.1128/IAI.00670-12,Identification Of Critical Host Mitochondrion Associated Genes During Ehrlichia Chaffeensis Infections,paper,20.0,,,https://doi.org/10.1128/IAI.00670-12,Identification of critical host mitochondrion-associated genes during Ehrlichia chaffeensis infections.pdf,0,unknown,#1f77b4
paper:doi:10.3390/ijms19092546,Impact Of Spaceflight And Artificial Gravity On The Mouse Retina Biochemical And Proteomic Analysis.,paper,20.0,,,https://doi.org/10.3390/ijms19092546,Impact of Spaceflight and Artificial Gravity on the Mouse Retina Biochemical and Proteomic Analysis..pdf,0,unknown,#1f77b4
paper:doi:10.1093/nar/gkaa887,Nasa Genelab Interfaces For The Exploration Of Space Omics Data,paper,20.0,,,https://doi.org/10.1093/nar/gkaa887,NASA GeneLab Interfaces for the exploration of space omics data.pdf,0,unknown,#1f77b4
paper:doi:10.1016/j.lssr.2022.06.004,Inter Agency Perspective Translating Advances In Biomarker Discovery And Medical Countermeasures Development Between Terrestrial And Space Radiation Environments,paper,20.0,,,https://doi.org/10.1016/j.lssr.2022.06.004,Inter-agency perspective Translating advances in biomarker discovery and medical countermeasures development between terrestrial and space radiation environments.pdf,0,unknown,#1f77b4
paper:file:8345b92661704c775db848f850d25f2d,Genelab Omics Database For Spaceflight Experiments,paper,20.0,,,,GeneLab Omics database for spaceflight experiments.pdf,0,unknown,#1f77b4
paper:file:c9ebe52c1b44434d245a1a10ba59318c,Genetic Dissection Of The Arabidopsis Spaceflight Transcriptome Are Some Responses Dispensable For The Physiological Adaptation Of Plants To Spaceflight,paper,20.0,,,,Genetic dissection of the Arabidopsis spaceflight transcriptome Are some responses dispensable for the physiological adaptation of plants to spaceflight.pdf,0,unknown,#1f77b4
paper:doi:10.3390/cells12182249,Metabolomics Profile Of The Secretome Of Space Flown Oligodendrocytes.,paper,20.0,,,https://doi.org/10.3390/cells12182249,Metabolomics profile of the secretome of space-flown oligodendrocytes..pdf,0,unknown,#1f77b4
paper:doi:10.1038/s41526-024-00392-6,Nasa Genelab Derived Microarray Studies Of Mus Musculus And Homo Sapiens Organisms In Altered Gravitational Conditions.,paper,20.0,,,https://doi.org/10.1038/s41526-024-00392-6,NASA GeneLab derived microarray studies of Mus musculus and Homo sapiens organisms in altered gravitational conditions..pdf,0,unknown,#1f77b4
paper:doi:10.1186/s40168-024-01864-3,Predicting How Varying Moisture Conditions Impact The Microbiome Of Dust Collected From The International Space Station,paper,20.0,,,https://doi.org/10.1186/s40168-024-01864-3,Predicting how varying moisture conditions impact the microbiome of dust collected from the International Space Station.pdf,0,unknown,#1f77b4
paper:doi:10.1038/s41598-024-62191-z,Fungal Diversity Differences In The Indoor Dust Microbiome From Built Environments On Earth And In Space.,paper,20.0,,,https://doi.org/10.1038/s41598-024-62191-z,Fungal diversity differences in the indoor dust microbiome from built environments on Earth and in space..pdf,0,unknown,#1f77b4
paper:doi:10.1016/j.omtm.2025.101424,Effects Of Skeletal Unloading On The Antibody Repertoire Of Tetanus Toxoid Andor Cpg Treated C57bl6j Mice.,paper,20.0,,,https://doi.org/10.1016/j.omtm.2025.101424,Effects of skeletal unloading on the antibody repertoire of tetanus toxoid andor CpG treated C57BL6J mice..pdf,0,unknown,#1f77b4
paper:file:3d33b4a76cbc23fa72600fe616423f64,Effect Of Spaceflight On Pseudomonas Aeruginosa Final Cell Density Is Modulated By Nutrient And Oxygen Availability.,paper,20.0,,,,Effect of spaceflight on Pseudomonas aeruginosa final cell density is modulated by nutrient and oxygen availability..pdf,0,unknown,#1f77b4
paper:doi:10.1038/s41526-021-00139-7,Effects Of Spaceflight Aboard The International Space Station On Mouse Estrous Cycle And Ovarian Gene Expression,paper,20.0,,,https://doi.org/10.1038/s41526-021-00139-7,Effects of spaceflight aboard the International Space Station on mouse estrous cycle and ovarian gene expression.pdf,0,unknown,#1f77b4
paper:doi:10.1016/j.lssr.2017.11.003,Effects Of Spaceflight On The Immunoglobulin Repertoire Of Unimmunized C57bl6 Mice,paper,20.0,,,https://doi.org/10.1016/j.lssr.2017.11.003,Effects of spaceflight on the immunoglobulin repertoire of unimmunized C57BL6 mice.pdf,0,unknown,#1f77b4
paper:doi:10.1016/j.ijmm.2012.12.002,Ehrlichia Chaffeensis Replication Sites In Adult Drosophila Melanogaster.,paper,20.0,,,https://doi.org/10.1016/j.ijmm.2012.12.002,Ehrlichia chaffeensis replication sites in adult Drosophila melanogaster..pdf,0,unknown,#1f77b4
paper:doi:10.1038/s41467-022-29694-7,Emergence Of Novel Cephalopod Gene Regulation And Expression Through Large Scale Genome Reorganization,paper,20.0,,,https://doi.org/10.1038/s41467-022-29694-7,Emergence of novel cephalopod gene regulation and expression through large-scale genome reorganization.pdf,0,unknown,#1f77b4
paper:doi:10.1007/s10616-015-9843-3,Establishment And Characterization Of Db 1 A Leptin Receptor Deficient Murine Macrophage Cell Line,paper,20.0,,,https://doi.org/10.1007/s10616-015-9843-3,Establishment and characterization of DB-1 a leptin receptor-deficient murine macrophage cell line.pdf,0,unknown,#1f77b4
paper:doi:10.1002/dneu.20787,Development Of Otolith Receptors In Japanese Quail.,paper,20.0,,,https://doi.org/10.1002/dneu.20787,Development of otolith receptors in Japanese quail..pdf,0,unknown,#1f77b4
paper:doi:10.1128/JB.00576-12MINIREVIEW,The Mscs And Mscl Families Of Mechanosensitive Channels Act As Microbial Emergency Release Valves,paper,20.0,,,https://doi.org/10.1128/JB.00576-12MINIREVIEW,The MscS and MscL families of mechanosensitive channels act as microbial emergency release valves.pdf,0,unknown,#1f77b4
paper:doi:10.1002/pro.686,The Oligomeric State Of The Truncated Mechanosensitive Channel Of Large Conductance Shows No Variance In Vivo.,paper,20.0,,,https://doi.org/10.1002/pro.686,The oligomeric state of the truncated mechanosensitive channel of large conductance shows no variance in vivo..pdf,0,unknown,#1f77b4
paper:doi:10.1016/j.asr.2012.02,Evaluation Of In Vitro Macrophage Differentiation During Space Flight.,paper,20.0,,,https://doi.org/10.1016/j.asr.2012.02,Evaluation of in vitro macrophage differentiation during space flight..pdf,0,unknown,#1f77b4
paper:doi:10.1038/s41467-024-48633-2,Biological Horizons Pioneering Open Science In The Cosmos,paper,20.0,,,https://doi.org/10.1038/s41467-024-48633-2,Biological horizons pioneering open science in the cosmos.pdf,0,unknown,#1f77b4
paper:file:f8b5d9e42a19761a9c6f4d8630397ad9,A Comparison Of Unamplified And Massively Multiplexed Pcr Amplification For Murine Antibody Repertoire Sequencing.,paper,20.0,,,,A comparison of unamplified and massively multiplexed PCR amplification for murine antibody repertoire sequencing..pdf,0,unknown,#1f77b4
paper:doi:10.4049/immunohorizons.2100056,An Analysis Of The Effects Of Spaceflight And Vaccination On Antibody Repertoire Diversity,paper,20.0,,,https://doi.org/10.4049/immunohorizons.2100056,An Analysis of the Effects of Spaceflight and Vaccination on Antibody Repertoire Diversity.pdf,0,unknown,#1f77b4
paper:doi:10.1016/j.patter.2020.100148,A New Era For Space Life Science International Standards For Space Omics Processing,paper,20.0,,,https://doi.org/10.1016/j.patter.2020.100148,A New Era for Space Life Science International Standards for Space Omics Processing.pdf,0,unknown,#1f77b4
paper:doi:10.1016/j.cell.2020.11.002,Comprehensive Multi Omics Analysis Reveals Mitochondrial Stress As A Central Biological Hub For Spaceflight Impact,paper,20.0,,,https://doi.org/10.1016/j.cell.2020.11.002,Comprehensive multi-omics analysis reveals mitochondrial stress as a central biological hub for spaceflight impact.pdf,0,unknown,#1f77b4
paper:doi:10.1093/gigascience/giae066,Celebrating 30 Years Of Access To Nasa Space Life Sciences Data,paper,20.0,,,https://doi.org/10.1093/gigascience/giae066,Celebrating 30 years of access to NASA space life sciences data.pdf,0,unknown,#1f77b4
paper:doi:10.1093/plcell/koab115,Spatial And Temporal Localization Of Spirrig And Wavescar Reveal Roles For These Proteins In Actin Mediated Root Hair Development.,paper,20.0,,,https://doi.org/10.1093/plcell/koab115,Spatial and temporal localization of SPIRRIG and WAVESCAR reveal roles for these proteins in actin-mediated root hair development..pdf,0,unknown,#1f77b4
paper:file:8d55c0e73c38b270cab18068abe9985c,Cytoskeleton Structure And Total Methylation Of Mouse Cardiac And Lung Tissue During Space Flight.,paper,20.0,,,,Cytoskeleton structure and total methylation of mouse cardiac and lung tissue during space flight..pdf,0,unknown,#1f77b4
paper:doi:10.1073/pnas.1515741113,Reduced Chloroplast Coverage Genes From Arabidopsis Thaliana Help To Establish The Size Of The Chloroplast Compartment,paper,20.0,,,https://doi.org/10.1073/pnas.1515741113,Reduced Chloroplast Coverage genes from Arabidopsis thaliana help to establish the size of the chloroplast compartment.pdf,0,unknown,#1f77b4
paper:doi:10.1089/ast.2020.2313,Relevance Of The Unfolded Protein Response To Spaceflight Induced Transcriptional Reprogramming In Arabidopsis,paper,20.0,,,https://doi.org/10.1089/ast.2020.2313,Relevance of the Unfolded Protein Response to Spaceflight-Induced Transcriptional Reprogramming in Arabidopsis.pdf,0,unknown,#1f77b4
paper:doi:10.1073/pnas.1601149113,Reply To Bemm Et Al. And Arakawa Identifying Foreign Genes In Independent Hypsibius Dujardini Genome Assemblies,paper,20.0,,,https://doi.org/10.1073/pnas.1601149113,Reply to Bemm et al. and Arakawa Identifying foreign genes in independent Hypsibius dujardini genome assemblies.pdf,0,unknown,#1f77b4
paper:doi:10.1371/journal.pbio.1000555,S. Aureus Mscl Is A Pentamer In Vivo But Of Variable Stoichiometries In Vitro Implications For Detergent Solubilized Membrane Proteins,paper,20.0,,,https://doi.org/10.1371/journal.pbio.1000555,S. aureus MscL is a pentamer in vivo but of variable stoichiometries in vitro implications for detergent-solubilized membrane proteins.pdf,0,unknown,#1f77b4
paper:doi:10.1038/s41598-019-55869-2,Spaceflight Activates Lipotoxic Pathways In Mouse Liver,paper,20.0,,,https://doi.org/10.1038/s41598-019-55869-2,Spaceflight Activates Lipotoxic Pathways in Mouse Liver.pdf,0,unknown,#1f77b4
paper:doi:10.1089/ast.2014.1210,Spaceflight Induces Specific Alterations In The Proteomes Of Arabidopsis,paper,20.0,,,https://doi.org/10.1089/ast.2014.1210,Spaceflight Induces Specific Alterations in the Proteomes of Arabidopsis.pdf,0,unknown,#1f77b4
paper:doi:10.1002/cne.24429,"Morphology Of The Utricular Otolith Organ In The Toadfish, Opsanus Tau",paper,20.0,,,https://doi.org/10.1002/cne.24429,"Morphology of the Utricular Otolith Organ in the Toadfish, Opsanus tau.pdf",0,unknown,#1f77b4
paper:doi:10.3389/fpls.2021.777119,Regulation Of Plant Gravity Sensing And Signaling By The Actin Cytoskeleton.,paper,20.0,,,https://doi.org/10.3389/fpls.2021.777119,Regulation of plant gravity sensing and signaling by the actin cytoskeleton..pdf,0,unknown,#1f77b4
paper:doi:10.1111/tpj.14091,Nadph Oxidase Activity Is Required For Er Stress Survival In Plants.,paper,20.0,,,https://doi.org/10.1111/tpj.14091,NADPH oxidase activity is required for ER stress survival in plants..pdf,0,unknown,#1f77b4
paper:doi:10.1016/j.csbj.2021.03.040,Reanalysis Of The Mars500 Experiment Reveals Common Gut Microbiome Alterations In Astronauts Induced By Long Duration Confinement,paper,20.0,,,https://doi.org/10.1016/j.csbj.2021.03.040,Reanalysis of the Mars500 experiment reveals common gut microbiome alterations in astronauts induced by long-duration confinement.pdf,0,unknown,#1f77b4
paper:doi:10.1038/nrm3588,Organization Of The Er Golgi Interface For Membrane Traffic Control.,paper,20.0,,,https://doi.org/10.1038/nrm3588,Organization of the ER-Golgi interface for membrane traffic control..pdf,0,unknown,#1f77b4
paper:doi:10.1111/tpj.13449,Maintaining The Factory The Roles Of The Unfolded Protein Response In Cellular Homeostasis In Plants.,paper,20.0,,,https://doi.org/10.1111/tpj.13449,Maintaining the factory The roles of the unfolded protein response in cellular homeostasis in plants..pdf,0,unknown,#1f77b4
paper:doi:10.1104/pp.16.00173,Pectin Methylesterification Impacts The Relationship Between Photosynthesis And Plant Growth.,paper,20.0,,,https://doi.org/10.1104/pp.16.00173,Pectin methylesterification impacts the relationship between photosynthesis and plant growth..pdf,0,unknown,#1f77b4
paper:doi:10.1016/j.celrep.2020.108445,Prolonged Exposure To Microgravity Reduces Cardiac Contractility And Initiates Remodeling In Drosophila,paper,20.0,,,https://doi.org/10.1016/j.celrep.2020.108445,Prolonged Exposure to Microgravity Reduces Cardiac Contractility and Initiates Remodeling in Drosophila.pdf,0,unknown,#1f77b4
paper:doi:10.1038/s41598-022-05734-6,Production Of Reactive Oxygen Species And Involvement Of Bioprotectants During Anhydrobiosis In The Tardigrade Paramacrobiotus Spatialis,paper,20.0,,,https://doi.org/10.1038/s41598-022-05734-6,Production of reactive oxygen species and involvement of bioprotectants during anhydrobiosis in the tardigrade Paramacrobiotus spatialis.pdf,0,unknown,#1f77b4
paper:doi:10.3389/fphys.2024.1248276,Proteomic And Phosphoproteomic Characterization Of Cardiovascular Tissues After Long Term Exposure To Simulated Space Radiation,paper,20.0,,,https://doi.org/10.3389/fphys.2024.1248276,Proteomic and phosphoproteomic characterization of cardiovascular tissues after long term exposure to simulated space radiation.pdf,0,unknown,#1f77b4
paper:doi:10.1104/pp.114.255943,Galactose Depleted Xycoglucan Is Dysfunctional And Leads To Dwarfism In Arabidopsis,paper,20.0,,,https://doi.org/10.1104/pp.114.255943,Galactose-depleted xycoglucan is dysfunctional and leads to dwarfism in Arabidopsis.pdf,0,unknown,#1f77b4
paper:doi:10.3390/ijms23137465,Extraterrestrial Gynecology Could Spaceflight Increase The Risk Of Developing Cancer In Female Astronauts An Updated Review,paper,20.0,,,https://doi.org/10.3390/ijms23137465,Extraterrestrial Gynecology Could Spaceflight Increase the Risk of Developing Cancer in Female Astronauts An Updated Review.pdf,0,unknown,#1f77b4
paper:doi:10.3389/fpls.2016.01753,"High Atomic Weight, High Energy Radiation (hze) Induces Transcriptional Responses Shared With Conventional Stresses In Addition To A Core Dsb Response Specific To Clastogenic Treatments",paper,20.0,,,https://doi.org/10.3389/fpls.2016.01753,"High atomic weight, high-energy radiation (HZE) induces transcriptional responses shared with conventional stresses in addition to a core DSB response specific to clastogenic treatments.pdf",0,unknown,#1f77b4
paper:doi:10.3389/fpls.2014.00206,Genomic Stability In Response To High Versus Low Linear Energy Transfer Radiation In Arabidopsis Thaliana,paper,20.0,,,https://doi.org/10.3389/fpls.2014.00206,Genomic stability in response to high versus low linear energy transfer radiation in Arabidopsis thaliana.pdf,0,unknown,#1f77b4
paper:doi:10.3389/fphys.2018.01469,"Influence Of Magnitude And Duration Of Altered Gravity And Readaptation To 1g On The Structure And Function Of The Utricle In Toadfish, Opsanus Tau.",paper,20.0,,,https://doi.org/10.3389/fphys.2018.01469,"Influence of Magnitude and Duration of Altered Gravity and Readaptation to 1g on the Structure and Function of the Utricle in Toadfish, Opsanus tau..pdf",0,unknown,#1f77b4
paper:doi:10.1038/s41526-019-0091-2,Innate Immune Responses Of Drosophila Melanogaster Are Altered By Spaceflight.,paper,20.0,,,https://doi.org/10.1038/s41526-019-0091-2,Innate immune responses of Drosophila melanogaster are altered by spaceflight..pdf,0,unknown,#1f77b4
paper:doi:10.3389/fmicb.2020.515319,Genomic And Functional Characterization Of Enterococcus Faecalis Isolates Recovered From The International Space Station And Their Potential For Pathogenicity,paper,20.0,,,https://doi.org/10.3389/fmicb.2020.515319,Genomic and functional characterization of Enterococcus faecalis isolates recovered from the International Space Station and their potential for pathogenicity.pdf,0,unknown,#1f77b4
paper:doi:10.1105/tpc.15.00794The,Hlb1 Is A Tetratricopeptide Repeat Domain Containing Protein That Operates At The Intersection Of The Exocytic And Endocytic Pathways At The Tgnee In Arabidopsis,paper,20.0,,,https://doi.org/10.1105/tpc.15.00794The,HLB1 Is a Tetratricopeptide Repeat Domain-Containing Protein That Operates at the Intersection of the Exocytic and Endocytic Pathways at the TGNEE in Arabidopsis.pdf,0,unknown,#1f77b4
paper:doi:10.1038/s41526-018-0048-x,Cardiovascular Progenitor Cells Cultured Aboard The International Space Station Exhibit Altered Developmental And Functional Properties,paper,20.0,,,https://doi.org/10.1038/s41526-018-0048-x,Cardiovascular progenitor cells cultured aboard the International Space Station exhibit altered developmental and functional properties.pdf,0,unknown,#1f77b4
paper:doi:10.1016/j.tcb.2013.06.005,Ire1 Er Stress Sensor And Cell Fate Executor.,paper,20.0,,,https://doi.org/10.1016/j.tcb.2013.06.005,IRE1 ER stress sensor and cell fate executor..pdf,0,unknown,#1f77b4
paper:doi:10.1111/tpj.12373,Inter Regulation Of The Unfolded Protein Response And Auxin Signaling.,paper,20.0,,,https://doi.org/10.1111/tpj.12373,Inter-regulation of the unfolded protein response and auxin signaling..pdf,0,unknown,#1f77b4
paper:doi:10.1016/j.celrep.2013.01.018,Chimeras Reveal A Single Lipid Interface Residue That Controls Mscl Channel Kinetics As Well As Mechanosensitivity,paper,20.0,,,https://doi.org/10.1016/j.celrep.2013.01.018,Chimeras reveal a single lipid-interface residue that controls MscL channel kinetics as well as mechanosensitivity.pdf,0,unknown,#1f77b4
paper:doi:10.1371/j,Characterization Of The Naive Murine Antibody Repertoire Using Unamplified High Throughput Sequencing,paper,20.0,,,https://doi.org/10.1371/j,Characterization of the naive murine antibody repertoire using unamplified high-throughput sequencing.pdf,0,unknown,#1f77b4
paper:doi:10.1016/j.celrep.2020.108448,Circulating Mirna Spaceflight Signature Reveals Targets For Countermeasure Development,paper,20.0,,,https://doi.org/10.1016/j.celrep.2020.108448,Circulating miRNA spaceflight signature reveals targets for countermeasure development.pdf,0,unknown,#1f77b4
paper:doi:10.1038/s41598-024-51756-7,Chromosomal Positioning And Epigenetic Architecture Influence Dna Methylation Patterns Triggered By Galactic Cosmic Radiation,paper,20.0,,,https://doi.org/10.1038/s41598-024-51756-7,Chromosomal positioning and epigenetic architecture influence DNA methylation patterns triggered by galactic cosmic radiation.pdf,0,unknown,#1f77b4
paper:doi:10.1093/gbe/evaf018,Desiccation Of Hypsibius Exemplaris,paper,20.0,,,https://doi.org/10.1093/gbe/evaf018,Desiccation of Hypsibius exemplaris.pdf,0,unknown,#1f77b4
paper:doi:10.1186/s12985-024-02374-2Virology,Development And Characterization Of Two Porcine Monocyte Derived Macrophage Cell Lines.,paper,20.0,,,https://doi.org/10.1186/s12985-024-02374-2Virology,Development and characterization of two porcine monocyte-derived macrophage cell lines..pdf,0,unknown,#1f77b4
paper:doi:10.1105/tpc,Erulus Is A Plasma Membrane Localized Receptor Like Kinase That Specifies Root Hair Growth By Maintaining Tip Focused Cytoplasmic Calcium Oscillations.,paper,20.0,,,https://doi.org/10.1105/tpc,ERULUS is a plasma membrane-localized receptor-like kinase that specifies root hair growth by maintaining tip-focused cytoplasmic calcium oscillations..pdf,0,unknown,#1f77b4
paper:doi:10.3389/fpls.2014.00425,Endoplasmic Reticulum Shape And Function In Stress Translation,paper,20.0,,,https://doi.org/10.3389/fpls.2014.00425,Endoplasmic reticulum-shape and function in stress translation.pdf,0,unknown,#1f77b4
paper:doi:10.1073/pnas.1510461112,Evidence For Extensive Horizontal Gene Transfer From The Draft Genome Of A Tardigrade,paper,20.0,,,https://doi.org/10.1073/pnas.1510461112,Evidence for extensive horizontal gene transfer from the draft genome of a tardigrade.pdf,0,unknown,#1f77b4
